{
  "project_info": {
    "project_number": "864396779134",
    "firebase_url": "https://food-plus-server.firebaseio.com",
    "project_id": "food-plus-server",
    "storage_bucket": "food-plus-server.appspot.com"
  },
  "client": [
    {
      "client_info": {
        "mobilesdk_app_id": "1:864396779134:android:20c976b3fd0515e282c22f",
        "android_client_info": {
          "package_name": "com.heryad.foodplus"
        }
      },
      "oauth_client": [
        {
          "client_id": "864396779134-j9qjg2usq0jv15tvr4gprk2kh2slp9o7.apps.googleusercontent.com",
          "client_type": 1,
          "android_info": {
            "package_name": "com.heryad.foodplus",
            "certificate_hash": "ba9a6e328d64e589aa5d168e4c7a3db3fffbcc19"
          }
        },
        {
          "client_id": "864396779134-r1i7tild6tlmvc7ubncq9d9hifeh0sjm.apps.googleusercontent.com",
          "client_type": 3
        }
      ],
      "api_key": [
        {
          "current_key": "AIzaSyCszAyA2x6Dcco5jKjbPdYtwKv7vpALwZE"
        }
      ],
      "services": {
        "appinvite_service": {
          "other_platform_oauth_client": [
            {
              "client_id": "864396779134-r1i7tild6tlmvc7ubncq9d9hifeh0sjm.apps.googleusercontent.com",
              "client_type": 3
            },
            {
              "client_id": "864396779134-ktnqmfb1gssgavv5a2b781ak38f88i03.apps.googleusercontent.com",
              "client_type": 2,
              "ios_info": {
                "bundle_id": "FoodPlus",
                "app_store_id": "123456789"
              }
            }
          ]
        }
      }
    },
    {
      "client_info": {
        "mobilesdk_app_id": "1:864396779134:android:2454af5f58dfd07882c22f",
        "android_client_info": {
          "package_name": "com.heryad.foodplusadmin"
        }
      },
      "oauth_client": [
        {
          "client_id": "864396779134-025q6smrqc8t7map1p3kuhos69nq7eun.apps.googleusercontent.com",
          "client_type": 1,
          "android_info": {
            "package_name": "com.heryad.foodplusadmin",
            "certificate_hash": "ba9a6e328d64e589aa5d168e4c7a3db3fffbcc19"
          }
        },
        {
          "client_id": "864396779134-r1i7tild6tlmvc7ubncq9d9hifeh0sjm.apps.googleusercontent.com",
          "client_type": 3
        }
      ],
      "api_key": [
        {
          "current_key": "AIzaSyCszAyA2x6Dcco5jKjbPdYtwKv7vpALwZE"
        }
      ],
      "services": {
        "appinvite_service": {
          "other_platform_oauth_client": [
            {
              "client_id": "864396779134-r1i7tild6tlmvc7ubncq9d9hifeh0sjm.apps.googleusercontent.com",
              "client_type": 3
            },
            {
              "client_id": "864396779134-ktnqmfb1gssgavv5a2b781ak38f88i03.apps.googleusercontent.com",
              "client_type": 2,
              "ios_info": {
                "bundle_id": "FoodPlus",
                "app_store_id": "123456789"
              }
            }
          ]
        }
      }
    }
  ],
  "configuration_version": "1"
}